<Settings>
  <Setting>
    <Name>GroupName</Name>
    <Type>String</Type>
    <Help>The groupname of the banner. Multiple banners in the same group can be displayed together or alternate between eachother</Help>
    <Value></Value>
  </Setting>
  <Setting>
    <Name>BannerTypeId</Name>
    <Type>String</Type>
    <Help>Defines the type of the banner. 1 = Banner, 2 = MicroButton, 3 = Button, 4 = Block, 5 = Skyscraper, 6 = Text, 7 = Script</Help>
    <Value>1,2,3,4,5,6,7</Value>
  </Setting>
  <Setting>
    <Name>BannerCount</Name>
    <Type>String</Type>
    <Help>The number of banners to display all at once</Help>
    <Value></Value>
  </Setting>
  <Setting>
    <Name>Width</Name>
    <Type>String</Type>
    <Help>The width of the banners</Help>
    <Value></Value>
  </Setting>
  <Setting>
    <Name>Orientation</Name>
    <Type>String</Type>
    <Help>Defines wether to display the banners Horizontally or Vertically</Help>
    <Value>H,V</Value>
  </Setting>
  <Setting>
    <Name>BorderWidth</Name>
    <Type>String</Type>
    <Help>The width of the border</Help>
    <Value></Value>
  </Setting>
	<Setting>
		<Name>BorderColor</Name>
		<Type>String</Type>
		<Help>The color of the border</Help>
		<Value>AliceBlue, AntiqueWhite, Aqua, Aquamarine, Azure, Beige, Bisque, Black, BlanchedAlmond, Blue, BlueViolet, Brown, BurlyWood, CadetBlue, Chartreuse, Chocolate, Coral, CornflowerBlue, Cornsilk, Crimson, Cyan, DarkBlue, DarkCyan, DarkGoldenRod, DarkGray, DarkGrey, DarkGreen, DarkKhaki, DarkMagenta, DarkOliveGreen, Darkorange, DarkOrchid, DarkRed, DarkSalmon, DarkSeaGreen, DarkSlateBlue, DarkSlateGray, DarkSlateGrey, DarkTurquoise, DarkViolet, DeepPink, DeepSkyBlue, DimGray, DimGrey, DodgerBlue, FireBrick, FloralWhite, ForestGreen, Fuchsia, Gainsboro, GhostWhite, Gold, GoldenRod, Gray, Grey, Green, GreenYellow, HoneyDew, HotPink, IndianRed, Indigo, Ivory, Khaki, Lavender, LavenderBlush, LawnGreen, LemonChiffon, LightBlue, LightCoral, LightCyan, LightGoldenRodYellow, LightGray, LightGrey, LightGreen, LightPink, LightSalmon, LightSeaGreen, LightSkyBlue, LightSlateGray, LightSlateGrey, LightSteelBlue, LightYellow, Lime, LimeGreen, Linen, Magenta, Maroon, MediumAquaMarine, MediumBlue, MediumOrchid, MediumPurple, MediumSeaGreen, MediumSlateBlue, MediumSpringGreen, MediumTurquoise, MediumVioletRed, MidnightBlue, MintCream, MistyRose, Moccasin, NavajoWhite, Navy, OldLace, Olive, OliveDrab, Orange, OrangeRed, Orchid, PaleGoldenRod, PaleGreen, PaleTurquoise, PaleVioletRed, PapayaWhip, PeachPuff, Peru, Pink, Plum, PowderBlue, Purple, Red, RosyBrown, RoyalBlue, SaddleBrown, Salmon, SandyBrown, SeaGreen, SeaShell, Sienna, Silver, SkyBlue, SlateBlue, SlateGray, SlateGrey, Snow, SpringGreen, SteelBlue, Tan, Teal, Thistle, Tomato, Turquoise, Violet, Wheat, White, WhiteSmoke, Yellow, YellowGreen</Value>
	</Setting>
</Settings>
